Date,Sunset Time
2025-01-01,16:38:04
2025-01-02,16:38:51
2025-01-03,16:39:39
2025-01-04,16:40:28
2025-01-05,16:41:18
2025-01-06,16:42:09
2025-01-07,16:43:02
2025-01-08,16:43:55
2025-01-09,16:44:49
2025-01-10,16:45:44
2025-01-11,16:46:39
2025-01-12,16:47:35
2025-01-13,16:48:32
2025-01-14,16:49:30
2025-01-15,16:50:28
2025-01-16,16:51:27
2025-01-17,16:52:27
2025-01-18,16:53:27
2025-01-19,16:54:27
2025-01-20,16:55:28
2025-01-21,16:56:29
2025-01-22,16:57:30
2025-01-23,16:58:32
2025-01-24,16:59:34
2025-01-25,17:00:36
2025-01-26,17:01:38
2025-01-27,17:02:41
2025-01-28,17:03:43
2025-01-29,17:04:46
2025-01-30,17:05:48
2025-01-31,17:06:51
2025-02-01,17:07:54
2025-02-02,17:08:56
2025-02-03,17:09:58
2025-02-04,17:11:00
2025-02-05,17:12:02
2025-02-06,17:13:04
2025-02-07,17:14:06
2025-02-08,17:15:07
2025-02-09,17:16:08
2025-02-10,17:17:09
2025-02-11,17:18:10
2025-02-12,17:19:10
2025-02-13,17:20:10
2025-02-14,17:21:10
2025-02-15,17:22:09
2025-02-16,17:23:08
2025-02-17,17:24:07
2025-02-18,17:25:06
2025-02-19,17:26:04
2025-02-20,17:27:02
2025-02-21,17:28:00
2025-02-22,17:28:57
2025-02-23,17:29:54
2025-02-24,17:30:51
2025-02-25,17:31:47
2025-02-26,17:32:43
2025-02-27,17:33:39
2025-02-28,17:34:34
2025-03-01,17:35:29
2025-03-02,17:36:24
2025-03-03,17:37:18
2025-03-04,17:38:12
2025-03-05,17:39:06
2025-03-06,17:40:00
2025-03-07,17:40:53
2025-03-08,17:41:46
2025-03-09,17:42:38
2025-03-10,17:43:30
2025-03-11,17:44:22
2025-03-12,17:45:14
2025-03-13,17:46:06
2025-03-14,17:46:57
2025-03-15,17:47:48
2025-03-16,17:48:39
2025-03-17,17:49:30
2025-03-18,17:50:20
2025-03-19,17:51:11
2025-03-20,17:52:01
2025-03-21,17:52:51
2025-03-22,17:53:41
2025-03-23,17:54:31
2025-03-24,17:55:21
2025-03-25,17:56:11
2025-03-26,17:57:00
2025-03-27,17:57:50
2025-03-28,17:58:40
2025-03-29,17:59:29
2025-03-30,18:00:19
2025-03-31,18:01:08
2025-04-01,18:01:57
2025-04-02,18:02:47
2025-04-03,18:03:36
2025-04-04,18:04:26
2025-04-05,18:05:15
2025-04-06,18:06:04
2025-04-07,18:06:53
2025-04-08,18:07:43
2025-04-09,18:08:32
2025-04-10,18:09:21
2025-04-11,18:10:11
2025-04-12,18:11:00
2025-04-13,18:11:50
2025-04-14,18:12:39
2025-04-15,18:13:29
2025-04-16,18:14:19
2025-04-17,18:15:08
2025-04-18,18:15:58
2025-04-19,18:16:48
2025-04-20,18:17:38
2025-04-21,18:18:28
2025-04-22,18:19:18
2025-04-23,18:20:08
2025-04-24,18:20:59
2025-04-25,18:21:49
2025-04-26,18:22:39
2025-04-27,18:23:30
2025-04-28,18:24:20
2025-04-29,18:25:11
2025-04-30,18:26:01
2025-05-01,18:26:51
2025-05-02,18:27:42
2025-05-03,18:28:32
2025-05-04,18:29:22
2025-05-05,18:30:12
2025-05-06,18:31:02
2025-05-07,18:31:52
2025-05-08,18:32:41
2025-05-09,18:33:31
2025-05-10,18:34:20
2025-05-11,18:35:09
2025-05-12,18:35:58
2025-05-13,18:36:46
2025-05-14,18:37:35
2025-05-15,18:38:23
2025-05-16,18:39:10
2025-05-17,18:39:58
2025-05-18,18:40:45
2025-05-19,18:41:31
2025-05-20,18:42:17
2025-05-21,18:43:03
2025-05-22,18:43:48
2025-05-23,18:44:33
2025-05-24,18:45:17
2025-05-25,18:46:00
2025-05-26,18:46:43
2025-05-27,18:47:25
2025-05-28,18:48:07
2025-05-29,18:48:48
2025-05-30,18:49:27
2025-05-31,18:50:06
2025-06-01,18:50:45
2025-06-02,18:51:22
2025-06-03,18:51:58
2025-06-04,18:52:33
2025-06-05,18:53:07
2025-06-06,18:53:41
2025-06-07,18:54:13
2025-06-08,18:54:43
2025-06-09,18:55:13
2025-06-10,18:55:42
2025-06-11,18:56:09
2025-06-12,18:56:35
2025-06-13,18:57:00
2025-06-14,18:57:23
2025-06-15,18:57:45
2025-06-16,18:58:06
2025-06-17,18:58:25
2025-06-18,18:58:43
2025-06-19,18:58:59
2025-06-20,18:59:14
2025-06-21,18:59:28
2025-06-22,18:59:40
2025-06-23,18:59:50
2025-06-24,18:59:59
2025-06-25,19:00:06
2025-06-26,19:00:12
2025-06-27,19:00:16
2025-06-28,19:00:18
2025-06-29,19:00:18
2025-06-30,19:00:17
2025-07-01,19:00:14
2025-07-02,19:00:10
2025-07-03,19:00:03
2025-07-04,18:59:55
2025-07-05,18:59:46
2025-07-06,18:59:34
2025-07-07,18:59:21
2025-07-08,18:59:06
2025-07-09,18:58:49
2025-07-10,18:58:30
2025-07-11,18:58:10
2025-07-12,18:57:48
2025-07-13,18:57:25
2025-07-14,18:56:59
2025-07-15,18:56:32
2025-07-16,18:56:04
2025-07-17,18:55:34
2025-07-18,18:55:02
2025-07-19,18:54:28
2025-07-20,18:53:53
2025-07-21,18:53:16
2025-07-22,18:52:38
2025-07-23,18:51:58
2025-07-24,18:51:16
2025-07-25,18:50:33
2025-07-26,18:49:49
2025-07-27,18:49:02
2025-07-28,18:48:15
2025-07-29,18:47:26
2025-07-30,18:46:35
2025-07-31,18:45:43
2025-08-01,18:44:50
2025-08-02,18:43:55
2025-08-03,18:42:59
2025-08-04,18:42:02
2025-08-05,18:41:03
2025-08-06,18:40:03
2025-08-07,18:39:02
2025-08-08,18:37:59
2025-08-09,18:36:56
2025-08-10,18:35:51
2025-08-11,18:34:45
2025-08-12,18:33:38
2025-08-13,18:32:29
2025-08-14,18:31:20
2025-08-15,18:30:10
2025-08-16,18:28:59
2025-08-17,18:27:47
2025-08-18,18:26:34
2025-08-19,18:25:20
2025-08-20,18:24:05
2025-08-21,18:22:49
2025-08-22,18:21:33
2025-08-23,18:20:15
2025-08-24,18:18:57
2025-08-25,18:17:39
2025-08-26,18:16:19
2025-08-27,18:14:59
2025-08-28,18:13:38
2025-08-29,18:12:16
2025-08-30,18:10:54
2025-08-31,18:09:32
2025-09-01,18:08:08
2025-09-02,18:06:44
2025-09-03,18:05:20
2025-09-04,18:03:55
2025-09-05,18:02:30
2025-09-06,18:01:05
2025-09-07,17:59:39
2025-09-08,17:58:12
2025-09-09,17:56:46
2025-09-10,17:55:19
2025-09-11,17:53:52
2025-09-12,17:52:24
2025-09-13,17:50:57
2025-09-14,17:49:29
2025-09-15,17:48:01
2025-09-16,17:46:33
2025-09-17,17:45:05
2025-09-18,17:43:37
2025-09-19,17:42:09
2025-09-20,17:40:41
2025-09-21,17:39:13
2025-09-22,17:37:45
2025-09-23,17:36:17
2025-09-24,17:34:50
2025-09-25,17:33:22
2025-09-26,17:31:55
2025-09-27,17:30:27
2025-09-28,17:29:00
2025-09-29,17:27:34
2025-09-30,17:26:07
2025-10-01,17:24:41
2025-10-02,17:23:15
2025-10-03,17:21:50
2025-10-04,17:20:24
2025-10-05,17:19:00
2025-10-06,17:17:36
2025-10-07,17:16:12
2025-10-08,17:14:49
2025-10-09,17:13:26
2025-10-10,17:12:04
2025-10-11,17:10:43
2025-10-12,17:09:22
2025-10-13,17:08:02
2025-10-14,17:06:43
2025-10-15,17:05:24
2025-10-16,17:04:07
2025-10-17,17:02:50
2025-10-18,17:01:34
2025-10-19,17:00:18
2025-10-20,16:59:04
2025-10-21,16:57:51
2025-10-22,16:56:38
2025-10-23,16:55:27
2025-10-24,16:54:17
2025-10-25,16:53:08
2025-10-26,16:51:59
2025-10-27,16:50:52
2025-10-28,16:49:46
2025-10-29,16:48:42
2025-10-30,16:47:38
2025-10-31,16:46:36
2025-11-01,16:45:35
2025-11-02,16:44:35
2025-11-03,16:43:36
2025-11-04,16:42:39
2025-11-05,16:41:44
2025-11-06,16:40:50
2025-11-07,16:39:57
2025-11-08,16:39:06
2025-11-09,16:38:16
2025-11-10,16:37:28
2025-11-11,16:36:41
2025-11-12,16:35:56
2025-11-13,16:35:13
2025-11-14,16:34:32
2025-11-15,16:33:52
2025-11-16,16:33:14
2025-11-17,16:32:37
2025-11-18,16:32:03
2025-11-19,16:31:30
2025-11-20,16:30:59
2025-11-21,16:30:30
2025-11-22,16:30:03
2025-11-23,16:29:38
2025-11-24,16:29:14
2025-11-25,16:28:52
2025-11-26,16:28:33
2025-11-27,16:28:15
2025-11-28,16:27:59
2025-11-29,16:27:45
2025-11-30,16:27:33
2025-12-01,16:27:23
2025-12-02,16:27:16
2025-12-03,16:27:10
2025-12-04,16:27:05
2025-12-05,16:27:03
2025-12-06,16:27:03
2025-12-07,16:27:05
2025-12-08,16:27:09
2025-12-09,16:27:15
2025-12-10,16:27:23
2025-12-11,16:27:33
2025-12-12,16:27:45
2025-12-13,16:27:59
2025-12-14,16:28:14
2025-12-15,16:28:32
2025-12-16,16:28:52
2025-12-17,16:29:13
2025-12-18,16:29:36
2025-12-19,16:30:01
2025-12-20,16:30:28
2025-12-21,16:30:57
2025-12-22,16:31:27
2025-12-23,16:31:59
2025-12-24,16:32:32
2025-12-25,16:33:07
2025-12-26,16:33:44
2025-12-27,16:34:22
2025-12-28,16:35:02
2025-12-29,16:35:43
2025-12-30,16:36:25
2025-12-31,16:37:09
