Date,Sunset Time
2026/1/1,16:37:55
2026/1/2,16:38:42
2026/1/3,16:39:29
2026/1/4,16:40:18
2026/1/5,16:41:07
2026/1/6,16:41:58
2026/1/7,16:42:50
2026/1/8,16:43:43
2026/1/9,16:44:37
2026/1/10,16:45:31
2026/1/11,16:46:27
2026/1/12,16:47:23
2026/1/13,16:48:20
2026/1/14,16:49:18
2026/1/15,16:50:16
2026/1/16,16:51:15
2026/1/17,16:52:14
2026/1/18,16:53:14
2026/1/19,16:54:15
2026/1/20,16:55:15
2026/1/21,16:56:17
2026/1/22,16:57:18
2026/1/23,16:58:20
2026/1/24,16:59:22
2026/1/25,17:00:24
2026/1/26,17:01:26
2026/1/27,17:02:28
2026/1/28,17:03:30
2026/1/29,17:04:33
2026/1/30,17:05:35
2026/1/31,17:06:38
2026/2/1,17:07:40
2026/2/2,17:08:42
2026/2/3,17:09:44
2026/2/4,17:10:46
2026/2/5,17:11:48
2026/2/6,17:12:50
2026/2/7,17:13:52
2026/2/8,17:14:53
2026/2/9,17:15:54
2026/2/10,17:16:55
2026/2/11,17:17:56
2026/2/12,17:18:57
2026/2/13,17:19:57
2026/2/14,17:20:57
2026/2/15,17:21:57
2026/2/16,17:22:56
2026/2/17,17:23:55
2026/2/18,17:24:54
2026/2/19,17:25:52
2026/2/20,17:26:50
2026/2/21,17:27:48
2026/2/22,17:28:46
2026/2/23,17:29:43
2026/2/24,17:30:39
2026/2/25,17:31:36
2026/2/26,17:32:32
2026/2/27,17:33:27
2026/2/28,17:34:23
2026/3/1,17:35:18
2026/3/2,17:36:12
2026/3/3,17:37:07
2026/3/4,17:38:01
2026/3/5,17:38:54
2026/3/6,17:39:48
2026/3/7,17:40:41
2026/3/8,17:41:34
2026/3/9,17:42:26
2026/3/10,17:43:19
2026/3/11,17:44:11
2026/3/12,17:45:03
2026/3/13,17:45:54
2026/3/14,17:46:46
2026/3/15,17:47:37
2026/3/16,17:48:28
2026/3/17,17:49:19
2026/3/18,17:50:10
2026/3/19,17:51:01
2026/3/20,17:51:51
2026/3/21,17:52:41
2026/3/22,17:53:32
2026/3/23,17:54:22
2026/3/24,17:55:11
2026/3/25,17:56:01
2026/3/26,17:56:51
2026/3/27,17:57:40
2026/3/28,17:58:30
2026/3/29,17:59:19
2026/3/30,18:00:09
2026/3/31,18:00:58
2026/4/1,18:01:47
2026/4/2,18:02:36
2026/4/3,18:03:25
2026/4/4,18:04:15
2026/4/5,18:05:04
2026/4/6,18:05:53
2026/4/7,18:06:42
2026/4/8,18:07:32
2026/4/9,18:08:21
2026/4/10,18:09:10
2026/4/11,18:10:00
2026/4/12,18:10:49
2026/4/13,18:11:39
2026/4/14,18:12:29
2026/4/15,18:13:19
2026/4/16,18:14:08
2026/4/17,18:14:58
2026/4/18,18:15:48
2026/4/19,18:16:38
2026/4/20,18:17:28
2026/4/21,18:18:18
2026/4/22,18:19:09
2026/4/23,18:19:59
2026/4/24,18:20:49
2026/4/25,18:21:39
2026/4/26,18:22:29
2026/4/27,18:23:20
2026/4/28,18:24:10
2026/4/29,18:25:00
2026/4/30,18:25:50
2026/5/1,18:26:40
2026/5/2,18:27:31
2026/5/3,18:28:21
2026/5/4,18:29:11
2026/5/5,18:30:01
2026/5/6,18:30:50
2026/5/7,18:31:40
2026/5/8,18:32:30
2026/5/9,18:33:20
2026/5/10,18:34:09
2026/5/11,18:34:58
2026/5/12,18:35:47
2026/5/13,18:36:36
2026/5/14,18:37:25
2026/5/15,18:38:13
2026/5/16,18:39:01
2026/5/17,18:39:48
2026/5/18,18:40:36
2026/5/19,18:41:22
2026/5/20,18:42:09
2026/5/21,18:42:54
2026/5/22,18:43:40
2026/5/23,18:44:25
2026/5/24,18:45:09
2026/5/25,18:45:52
2026/5/26,18:46:35
2026/5/27,18:47:17
2026/5/28,18:47:59
2026/5/29,18:48:39
2026/5/30,18:49:19
2026/5/31,18:49:58
2026/6/1,18:50:36
2026/6/2,18:51:14
2026/6/3,18:51:50
2026/6/4,18:52:25
2026/6/5,18:53:00
2026/6/6,18:53:33
2026/6/7,18:54:06
2026/6/8,18:54:37
2026/6/9,18:55:07
2026/6/10,18:55:36
2026/6/11,18:56:04
2026/6/12,18:56:30
2026/6/13,18:56:55
2026/6/14,18:57:19
2026/6/15,18:57:42
2026/6/16,18:58:03
2026/6/17,18:58:23
2026/6/18,18:58:41
2026/6/19,18:58:58
2026/6/20,18:59:13
2026/6/21,18:59:27
2026/6/22,18:59:39
2026/6/23,18:59:50
2026/6/24,18:59:59
2026/6/25,19:00:06
2026/6/26,19:00:12
2026/6/27,19:00:16
2026/6/28,19:00:19
2026/6/29,19:00:20
2026/6/30,19:00:19
2026/7/1,19:00:16
2026/7/2,19:00:12
2026/7/3,19:00:06
2026/7/4,18:59:58
2026/7/5,18:59:49
2026/7/6,18:59:38
2026/7/7,18:59:25
2026/7/8,18:59:10
2026/7/9,18:58:54
2026/7/10,18:58:36
2026/7/11,18:58:17
2026/7/12,18:57:55
2026/7/13,18:57:32
2026/7/14,18:57:07
2026/7/15,18:56:41
2026/7/16,18:56:13
2026/7/17,18:55:43
2026/7/18,18:55:12
2026/7/19,18:54:38
2026/7/20,18:54:04
2026/7/21,18:53:27
2026/7/22,18:52:49
2026/7/23,18:52:09
2026/7/24,18:51:28
2026/7/25,18:50:45
2026/7/26,18:50:01
2026/7/27,18:49:15
2026/7/28,18:48:28
2026/7/29,18:47:39
2026/7/30,18:46:49
2026/7/31,18:45:57
2026/8/1,18:45:04
2026/8/2,18:44:09
2026/8/3,18:43:14
2026/8/4,18:42:17
2026/8/5,18:41:18
2026/8/6,18:40:19
2026/8/7,18:39:18
2026/8/8,18:38:16
2026/8/9,18:37:12
2026/8/10,18:36:08
2026/8/11,18:35:02
2026/8/12,18:33:56
2026/8/13,18:32:48
2026/8/14,18:31:39
2026/8/15,18:30:29
2026/8/16,18:29:18
2026/8/17,18:28:06
2026/8/18,18:26:53
2026/8/19,18:25:40
2026/8/20,18:24:25
2026/8/21,18:23:10
2026/8/22,18:21:53
2026/8/23,18:20:36
2026/8/24,18:19:18
2026/8/25,18:17:59
2026/8/26,18:16:40
2026/8/27,18:15:20
2026/8/28,18:13:59
2026/8/29,18:12:37
2026/8/30,18:11:15
2026/8/31,18:09:53
2026/9/1,18:08:29
2026/9/2,18:07:06
2026/9/3,18:05:42
2026/9/4,18:04:17
2026/9/5,18:02:52
2026/9/6,18:01:27
2026/9/7,18:00:01
2026/9/8,17:58:35
2026/9/9,17:57:08
2026/9/10,17:55:42
2026/9/11,17:54:15
2026/9/12,17:52:47
2026/9/13,17:51:20
2026/9/14,17:49:52
2026/9/15,17:48:25
2026/9/16,17:46:57
2026/9/17,17:45:29
2026/9/18,17:44:01
2026/9/19,17:42:33
2026/9/20,17:41:04
2026/9/21,17:39:36
2026/9/22,17:38:08
2026/9/23,17:36:40
2026/9/24,17:35:12
2026/9/25,17:33:45
2026/9/26,17:32:17
2026/9/27,17:30:50
2026/9/28,17:29:23
2026/9/29,17:27:56
2026/9/30,17:26:29
2026/10/1,17:25:03
2026/10/2,17:23:37
2026/10/3,17:22:11
2026/10/4,17:20:46
2026/10/5,17:19:21
2026/10/6,17:17:57
2026/10/7,17:16:33
2026/10/8,17:15:10
2026/10/9,17:13:48
2026/10/10,17:12:26
2026/10/11,17:11:04
2026/10/12,17:09:43
2026/10/13,17:08:23
2026/10/14,17:07:04
2026/10/15,17:05:45
2026/10/16,17:04:27
2026/10/17,17:03:10
2026/10/18,17:01:54
2026/10/19,17:00:39
2026/10/20,16:59:24
2026/10/21,16:58:10
2026/10/22,16:56:58
2026/10/23,16:55:46
2026/10/24,16:54:35
2026/10/25,16:53:26
2026/10/26,16:52:17
2026/10/27,16:51:10
2026/10/28,16:50:03
2026/10/29,16:48:58
2026/10/30,16:47:54
2026/10/31,16:46:52
2026/11/1,16:45:50
2026/11/2,16:44:50
2026/11/3,16:43:52
2026/11/4,16:42:54
2026/11/5,16:41:58
2026/11/6,16:41:04
2026/11/7,16:40:11
2026/11/8,16:39:20
2026/11/9,16:38:30
2026/11/10,16:37:41
2026/11/11,16:36:54
2026/11/12,16:36:09
2026/11/13,16:35:26
2026/11/14,16:34:44
2026/11/15,16:34:04
2026/11/16,16:33:25
2026/11/17,16:32:48
2026/11/18,16:32:13
2026/11/19,16:31:40
2026/11/20,16:31:08
2026/11/21,16:30:39
2026/11/22,16:30:11
2026/11/23,16:29:45
2026/11/24,16:29:21
2026/11/25,16:28:59
2026/11/26,16:28:38
2026/11/27,16:28:20
2026/11/28,16:28:04
2026/11/29,16:27:49
2026/11/30,16:27:37
2026/12/1,16:27:27
2026/12/2,16:27:18
2026/12/3,16:27:12
2026/12/4,16:27:07
2026/12/5,16:27:05
2026/12/6,16:27:05
2026/12/7,16:27:06
2026/12/8,16:27:10
2026/12/9,16:27:16
2026/12/10,16:27:23
2026/12/11,16:27:33
2026/12/12,16:27:44
2026/12/13,16:27:58
2026/12/14,16:28:13
2026/12/15,16:28:30
2026/12/16,16:28:49
2026/12/17,16:29:10
2026/12/18,16:29:33
2026/12/19,16:29:57
2026/12/20,16:30:23
2026/12/21,16:30:51
2026/12/22,16:31:21
2026/12/23,16:31:52
2026/12/24,16:32:25
2026/12/25,16:33:00
2026/12/26,16:33:36
2026/12/27,16:34:14
2026/12/28,16:34:53
2026/12/29,16:35:34
2026/12/30,16:36:16
2026/12/31,16:36:59
2027/1/1,16:37:44
2027/1/2,16:38:30
2027/1/3,16:39:17
2027/1/4,16:40:06
2027/1/5,16:40:55
2027/1/6,16:41:46
2027/1/7,16:42:38
2027/1/8,16:43:31
2027/1/9,16:44:25
2027/1/10,16:45:19
2027/1/11,16:46:14
2027/1/12,16:47:11
2027/1/13,16:48:07
2027/1/14,16:49:05
2027/1/15,16:50:03
2027/1/16,16:51:02
2027/1/17,16:52:01
2027/1/18,16:53:01
2027/1/19,16:54:01
2027/1/20,16:55:01
2027/1/21,16:56:02
2027/1/22,16:57:03
2027/1/23,16:58:05
2027/1/24,16:59:07
2027/1/25,17:00:09
2027/1/26,17:01:11
2027/1/27,17:02:13
2027/1/28,17:03:15
2027/1/29,17:04:18
2027/1/30,17:05:20
2027/1/31,17:06:23
